SMILES,ID,CDK12 IC50,pValue,,,,,,, pValue
CN1CCN(CC2=CC=C(NC(=O)C3=CC(C#CC4=CN=C5C=CC=NN45)=C(C)C=C3)C=C2C(F)(F)F)CC1,ADS121442,1.47E+00,5.832682665,,,,,,,
OC1=C(Br)C=C(\\C=C2/C(=O)NC3=CC=C(I)C=C23)C=C1Br,ADS121468,3.2690953,5.485572419,,,,,,,
CCN(CC)CC1=CC=C(NC2=NC(=CC=N2)C2=C3C=CC=NN3N=C2)C=C1,ADS141659,0.13075935,6.883527247,,,,,,,
N1C=CC2=C1N=CN=C2C1=C2C=CC=NN2N=C1,ADS148353,8.6815,5.06140523,,,,,,,
CCC1=C2N=C(C=C(NCC3=CC=C[N+]([O-])=C3)N2N=C1)N1CCCC[C@H]1CCO,ADS148354,1.54E-02,7.812479279,,,,,,,
O=C1NCCC2=C1C=C(N2)C1=CC=NC=C1,ADS148355,1.15926215,5.935818344,,,,,,,
O=C(CC1=CC=CC=C1)NC1=NC(=CC=N1)C1=C2C=CC=NN2N=C1,ADS148414,5.3803472,5.269189698,,,,,,,
N1N=CC2=C1N=CC=C2C1=C2C=CC=NN2N=C1,ADS148699,5.9131,5.228184776,,,,,,,
O=C1NCCC2=C1C=C(N2)C1=CC=NC2=C1C=CN2,ADS148774,0.1900635,6.721101278,,,,,,,
N1C=C(C=N1)C1=C2C=CC=NN2N=C1,ADS148806,26.3476,4.579258938,,,,,,,
COC1=CC=C(C=C1)C(=O)NC1=NC(=CC=N1)C1=C2C=CC=NN2N=C1,ADS149111,4.35933205,5.36058005,,,,,,,
O=C(NC1=NC(=CC=N1)C1=C2C=CC=NN2N=C1)C1CC1,ADS149112,3.1062384,5.507765216,,,,,,,
O=C(NC1=NC(=CC=N1)C1=C2C=CC=NN2N=C1)C1=CC=NC=C1,ADS149114,4.47382805,5.349320712,,,,,,,
O=C1NCCC2=C1C=C(N2)C1=C2C=NNC2=NC=C1,ADS149115,9.95E-02,7.002176919,,,,,,,
N1N=CC2=C1C(=CC=N2)C1=C2C=CC=NN2N=C1,ADS149126,11.45645,4.940949936,,,,,,,
N1C=CC2=C1N=CC=C2C1=C2C=CC=NN2N=C1,ADS149127,0.2248208,6.648163511,,,,,,,
C1=NN2N=CC=CC2=C1C1=NC=NC2=CC=CC=C12,ADS149128,28.9224,4.538765672,,,,,,,
C1=NN2N=CC=CC2=C1C1=CC=NC2=CC=CN=C12,ADS149181,7.67615,5.114856547,,,,,,,
N1C=NC2=C1N=CC=C2C1=C2C=CC=NN2N=C1,ADS149281,1.1891808,5.924752111,,,,,,,
N1N=CC2=CC(=CC=C12)C1=C2C=CC=NN2N=C1,ADS149282,8.17887255,5.087306559,,,,,,,
ClC1=CC=C(C=C1)C(=O)NC1=NC=CC(=N1)C1=C2C=CC=NN2N=C1,ADS149808,6.32335,5.199052779,,,,,,,
CN1CC[C@@H]([C@H](O)C1)C1=C2OC(=CC(=O)C2=C(O)C=C1O)C1=CC=CC=C1Cl,ADS149853,4.06E-01,6.391473966,,,,,,,
CC(C)N1C(C)=NC=C1C1=NC(NC2=CC=C(C=C2)S(C)(=O)=O)=NC=C1,ADS150008,2.53869125,5.595390114,,,,,,,
CC(C)(C)C1=CN=C(CSC2=CN=C(NC(=O)C3CCNCC3)S2)O1,ADS150009,0.1564477,6.805630817,,,,,,,
ClC1=CC=CC(Cl)=C1C(=O)NC1=CNN=C1C(=O)NC1CCNCC1,ADS150010,0.1618515,6.790883271,,,,,,,
CCN1CCN(CC2=C(C=C(NC(=O)NC3=CC=C(OC4=NC=NC(NC)=C4)C=C3)C=C2)C(F)(F)F)CC1,ADS150022,1.520740175,5.817944981,,,,,,,
CC1(C)CC2=C(C=C(N2)C2=C3C=CNC3=NC=C2)C(=O)N1,ADS150137,0.67296265,6.172009039,,,,,,,
C1CCC2=C(C=CN=C2NC1)C1=C2C=CC=NN2N=C1,ADS150168,1.176815375,5.929291666,,,,,,,
C1CC2=C(C=CN=C2N1)C1=C2C=CC=NN2N=C1,ADS150169,5.9149149,5.228051499,,,,,,,
NC1=NC=CC(=N1)C1=C2C=CC=NN2N=C1,ADS150197,2.2115001,5.655313037,,,,,,,
COC1=CC=C(F)C(F)=C1C(=O)C1=C(N)N=C(NC2CCN(CC2)S(C)(=O)=O)N=C1,ADS150265,0.7851895,6.105025517,,,,,,,
CC(C)CC(=O)NC1=NNC2=C1CN(C(=O)C1CCN(C)CC1)C2(C)C,ADS150266,1.0807172,5.966287937,,,,,,,
CN1C2=C(C=C1C1=CC=NC3=C1C=CN3)C(=O)NCC2,ADS150301,2.7958364,5.553488245,,,,,,,
CN1C2=C(C=C1C1=CC=NC3=C1C=CN3)C(=O)NCC2,ADS150301,2.7958364,5.553488245,,,,,,,
NC1=CC(C2=C3C=CC=NN3N=C2)=C2C=CNC2=N1,ADS150398,23.4601,4.629670141,,,,,,,
CC1=CC2=C(C=CN=C2N1)C1=C2C=CC=NN2N=C1,ADS150399,0.3115338,6.506494827,,,,,,,
CN1CCC2=C(C=C(N2)C2=C3C=CNC3=NC=C2)C1=O,ADS150417,2.8365034,5.547216692,,,,,,,
CC1=CC2=C(C=CN=C2N1)C1=CC2=C(CCNC2=O)N1,ADS150474,1.44730745,5.839439202,,,,,,,
CN(C)C(=O)C1=CC2=C(C=CN=C2N1)C1=C2C=CC=NN2N=C1,ADS150651,2.7703808,5.557460531,,,,,,,
NC1=NC=CC(=C1)C1=C2C=CC=CN2N=C1,ADS150677,9.369,5.028306761,,,,,,,
C1CC2=C(C=CN=C2N1)C1=C2C=CC=CN2N=C1,ADS150678,19.7032,4.705463234,,,,,,,
C1CCC2=C(C=CN=C2NC1)C1=C2C=CC=CN2N=C1,ADS150680,18.63505,4.729669438,,,,,,,
CC1CNC(=O)C2=C1NC(=C2)C1=C2C=CNC2=NC=C1,ADS150798,0.4555306,6.341482444,,,,,,,
COCCNC(=O)C1=CC2=C(C=CN=C2N1)C1=C2C=CC=NN2N=C1,ADS150844,15.03675,4.822846021,,,,,,,
CC(C)CNC(=O)C1=CC2=C(C=CN=C2N1)C1=C2C=CC=NN2N=C1,ADS150845,13.30855,4.875869259,,,,,,,
CN(C)CCNC(=O)C1=CC2=C(C=CN=C2N1)C1=C2C=CC=NN2N=C1,ADS150846,5.30011325,5.275714851,,,,,,,
NC(=O)C1=CC2=C(C=CN=C2N1)C1=C2C=CC=NN2N=C1,ADS150847,0.4396184,6.356924139,,,,,,,
COCCC1CNC(=O)C2=C1NC(=C2)C1=C2C=CNC2=NC=C1,ADS150849,2.09140785,5.679561266,,,,,,,
CC1(C)CNC(=O)C2=C1NC(=C2)C1=C2C=CNC2=NC=C1,ADS150850,0.32018535,6.494598543,,,,,,,
OCCN1C2=C(C=C1C1=C3C=CNC3=NC=C1)C(=O)NCC2,ADS150931,1.86187405,5.730049701,,,,,,,
CC1=CC(C2=CC3=C(CCNC3=O)N2)=C2C=CNC2=N1,ADS150936,13.2097,4.879107045,,,,,,,
N1C=CC2=C(C=CN=C12)C1=C2C=CC=CN2N=C1,ADS150979,1.4001347,5.853830181,,,,,,,
CC1CC2=C(C=C(N2)C2=C3C=CNC3=NC=C2)C(=O)N1,ADS150986,0.3872979,6.411954858,,,,,,,
CNC(=O)C1=CC2=C(C=CN=C2N1)C1=C2C=CC=NN2N=C1,ADS151024,0.3511249,6.454538371,,,,,,,
NC1=CC(C2=CC3=C(CCNC3=O)N2)=C2C=CNC2=N1,ADS151082,9.08195,5.041820893,,,,,,,
N1C=CC2=C(C=CN=C12)C1=CC=C2C=NNC2=C1,ADS151084,0.95162345,6.021534865,,,,,,,
CCN1C=C(N=N1)C1=C2C=CNC2=NC=C1,ADS151085,8.22895385,5.084655373,,,,,,,
C(N1C=C(N=N1)C1=C2C=CNC2=NC=C1)C1=CC=CC=C1,ADS151086,19.6582,4.706456251,,,,,,,
CS(=O)(=O)NC1=CC(=CC=C1)C1=C2C=CNC2=NC=C1,ADS151087,18.2956,4.737653343,,,,,,,
N1C=CC2=C(C=CN=C12)C1=CC=C2NN=NC2=C1,ADS151088,1.1621832,5.934725407,,,,,,,
O=C1NC2=CC=C3N=CSC3=C2\\C1=C\\C1=CNC=N1,ADS151090,2.99E-02,7.524328812,,,,,,,
O=C1NCCC2=NN(C=C12)C1=C2C=CNC2=NC=C1,ADS151116,5.8295099,5.234367956,,,,,,,
CC1=CN=C2NC=CC2=C1C1=C2C=CC=NN2N=C1,ADS151195,1.0949981,5.960586634,,,,,,,
C[C@H]1CC2=C(C=C(N2)C2=C3C=CNC3=NC=C2)C(=O)N1,ADS151481,0.31043865,6.508024214,,,,,,,
C[C@@H]1CC2=C(C=C(N2)C2=C3C=CNC3=NC=C2)C(=O)N1,ADS151482,0.23460365,6.629665235,,,,,,,
COCCN1C2=C(C=C1C1=C3C=CNC3=NC=C1)C(=O)NCC2,ADS151483,17.40265,4.759384614,,,,,,,
CCC1CC2=C(C=C(N2)C2=C3C=CNC3=NC=C2)C(=O)N1,ADS151484,0.29731015,6.526790264,,,,,,,
C1COC2=C(C=CN=C2N1)C1=C2C=CC=NN2N=C1,ADS151603,0.643597125,6.191385905,,,,,,,
C[C@@H]1CNC(=O)C2=C1NC(=C2)C1=C2C=CNC2=NC=C1,ADS151606,0.291294175,6.5356682,,,,,,,
C[C@H]1CNC(=O)C2=C1NC(=C2)C1=C2C=CNC2=NC=C1,ADS151607,0.40674615,6.390676549,,,,,,,
COC1=NN2N=CC(=C2C=C1)C1=C2C=CNC2=NC=C1,ADS151616,4.5529,5.341711888,,,,,,,
CC(C)CC1CC2=C(C=C(N2)C2=C3C=CNC3=NC=C2)C(=O)N1,ADS151688,0.52651785,6.278586901,,,,,,,
CN(C)C\\C=C\\C(=O)NC1=CC=C(C=C1)C(=O)NC1=CC=CC(NC2=NC=C(Cl)C(=N2)C2=CNC3=CC=CC=C23)=C1,ADS151840,7.12E-02,7.147520006,,,,,,,
COC1=CC=C2NC(=O)\\C(=C/C3=CNC=N3)C2=C1,ADS151841,0.3789132,6.421460265,,,,,,,
O=C1NC2=CC=CC=C2\\C1=C\\C1=CN=CN1,ADS151844,1.65329735,5.78164903,,,,,,,
OC1=C(Cl)C=C(C=C2C(=O)NC3=CC=C(Cl)C=C23)C=C1Cl,ADS151845,5.1030871,5.292167019,,,,,,,
O=C1NCCC2=C1C=C(O2)C1=CC=NC2=C1C=CN2,ADS151929,2.4764408,5.606172049,,,,,,,
COC1=CC2=C(C=NN2N=C1)C1=C2C=CNC2=NC=C1,ADS151930,2.33594315,5.631537731,,,,,,,
O=C1NCCC2=C1C=C(N2CC1=CC=NC=C1)C1=C2C=CNC2=NC=C1,ADS151944,20.37875,4.690822458,,,,,,,
C1CNC2=NC=CC(C3=C4C=CC=NN4N=C3)=C2OC1,ADS152044,1.17060065,5.931591239,,,,,,,
CN1C=C(C2=C1C=CC=C2)C1=C(C(=O)NC1=O)C1=CN(CCCSC(N)=N)C2=C1C=CC=C2,ADS152046,0.05925855,7.227248979,,,,,,,
O=C1NC(CC2=CC=CC=C2)CC2=C1C=C(N2)C1=C2C=CNC2=NC=C1,ADS152063,0.9982,6.000782434,,,,,,,
CN1CCN(CC2=CC3=C(C=CN=C3N2)C2=C3C=CC=NN3N=C2)CC1,ADS152067,4.78E-01,6.320572103,,,,,,,
OCC1=CC2=C(C=CN=C2N1)C1=C2C=CC=NN2N=C1,ADS152068,0.4953656,6.305074156,,,,,,,
C(N1CCOCC1)C1=CC2=C(C=CN=C2N1)C1=C2C=CC=NN2N=C1,ADS152069,3.27186945,5.485204033,,,,,,,
N1C=CC2=C(C=CN=C12)C1=CN=C2N=CC=CN12,ADS152158,8.9586,5.047759854,,,,,,,
CC(C)C[C@H]1CC2=C(C=C(N2)C2=C3C=CNC3=NC=C2)C(=O)N1,ADS152171,0.2660721,6.575000663,,,,,,,
CC(C)C[C@@H]1CC2=C(C=C(N2)C2=C3C=CNC3=NC=C2)C(=O)N1,ADS152172,3.34042835,5.476197839,,,,,,,
O=C(CN1CCOCC1)NCC1=CC2=C(C=CN=C2N1)C1=C2C=CC=NN2N=C1,ADS152347,6.7462133,5.170939932,,,,,,,
CN1CCN(CC(=O)NCC2=CC3=C(C=CN=C3N2)C2=C3C=CC=NN3N=C2)CC1,ADS152348,5.5198955,5.258069144,,,,,,,
O=C1SN(C(=O)N1CC1=CC=CC=C1)C1=C2C=CC=CC2=CC=C1,ADS152371,6.17E+00,5.209714836,,,,,,,
COCCOC1=CC2=C(C=NN2N=C1)C1=C2C=CNC2=NC=C1,ADS152372,9.92885,5.00310105,,,,,,,
CN(C)CCCN1C=C(C2=C1C=CC=C2)C1=C(C(=O)NC1=O)C1=CNC2=C1C=CC=C2,ADS152373,3.21820065,5.492386882,,,,,,,
CN(C)CCNCC1=CC2=C(C=CN=C2N1)C1=C2C=CC=NN2N=C1,ADS152413,4.02325,5.39542298,,,,,,,
O=C1N[C@@H](COCC2=CC=CC=C2)CC2=C1C=C(N2)C1=C2C=CNC2=NC=C1,ADS152460,1.7773,5.750239259,,,,,,,
FC(F)(F)CCC1CNC(=O)C2=C1NC(=C2)C1=CC=NC2=C1C=CN2,ADS152541,6.91E+00,5.160521953,,,,,,,
FC(F)=CCC1CNC(=O)C2=C1NC(=C2)C1=CC=NC2=C1C=CN2,ADS152542,1.0896749,5.962703053,,,,,,,
CN(C)CCCC(=O)NC1=CC=C(C=C1)C(=O)NC1=CC=CC(NC2=NC=C(Cl)C(=N2)C2=CNC3=CC=CC=C23)=C1,ADS152591,0.0384022,7.415643895,,,,,,,
CN(C)C\\C=C\\C(=O)NC1=CC(=CC=C1)C(=O)NC1=CC=CC(NC2=NC=C(Cl)C(=N2)C2=CNC3=CC=CC=C23)=C1,ADS152592,3.61E-02,7.442492798,,,,,,,
O=C1NCC2(CCNCC2)C2=C1C=C(N2)C1=CC=NC2=C1C=CN2,ADS152659,0.05256985,7.279263262,,,,,,,
CN1CCN(CC1)C1=NC2=CC=CC=C2C(=N1)C1=C(C(=O)NC1=O)C1=CNC2=C1C=CC=C2,ADS152661,5.61425745,5.250707676,,,,,,,
CN1CCN(CC2=CC=C(NC(=O)C3=CC(C#CC4=CC5=C(NN=C5)N=C4)=C(C)C=C3)C=C2C(F)(F)F)CC1,ADS152662,3.7875461,5.421642072,,,,,,,
OC[C@H]1CC2=C(C=C(N2)C2=C3C=CNC3=NC=C2)C(=O)N1,ADS152678,0.32313255,6.490619292,,,,,,,
CC1(C)OCC(COC2=CC3=C(C=NN3N=C2)C2=C3C=CNC3=NC=C2)O1,ADS152679,2.79788815,5.553169651,,,,,,,
OCC(O)COC1=CC2=C(C=NN2N=C1)C1=C2C=CNC2=NC=C1,ADS152680,3.91075315,5.407739596,,,,,,,
CN(C)C\\C=C\\C(=O)NC1=CC(=CC=C1)C(=O)NC1=CC=C(NC2=NC=CC(=N2)C2=CC=CN=C2)C(C)=C1,ADS154003,19.9851,4.699293674,,,,,,,
O=C(NCC1=CC2=C(C=CN=C2N1)C1=C2C=CC=NN2N=C1)C1CC1,ADS154011,20.18985,4.694866908,,,,,,,
C=CCC1CNC(=O)C2=C1NC(=C2)C1=CC=NC2=C1C=CN2,ADS154012,0.48898545,6.310704063,,,,,,,
CN(C)CCN1C2=C(C=C1C1=CC=NC3=C1C=CN3)C(=O)NCC2,ADS154013,1.97353865,5.704754364,,,,,,,
CC(C)(C)OC(=O)N1CCN(CC2=CC3=C(C=CN=C3N2)C2=C3C=CC=NN3N=C2)CC1,ADS154016,6.69308785,5.174373475,,,,,,,
C(N1CCNCC1)C1=CC2=C(C=CN=C2N1)C1=C2C=CC=NN2N=C1,ADS154017,4.60954795,5.336341663,,,,,,,
CN(C)CC(=O)NCC1=CC2=C(C=CN=C2N1)C1=C2C=CC=NN2N=C1,ADS154409,6.9081,5.160641384,,,,,,,
O=S(=O)(NCC1=CC2=C(C=CN=C2N1)C1=C2C=CC=NN2N=C1)C1CC1,ADS154410,6.70002485,5.173923587,,,,,,,
OCCC1CNC(=O)C2=C1NC(=C2)C1=CC=NC2=C1C=CN2,ADS154456,0.16479555,6.78305452,,,,,,,
O=C1NCC2(CNC2)C2=C1C=C(N2)C1=CC=NC2=C1C=CN2,ADS154653,0.06060995,7.217456074,,,,,,,
CN1CCC(CC1)OCC1=CC2=C(C=CN=C2N1)C1=C2C=CC=NN2N=C1,ADS154716,1.44444245,5.840299757,,,,,,,
CN1CC2(C1)CNC(=O)C1=C2NC(=C1)C1=CC=NC2=C1C=CN2,ADS155304,0.41961195,6.377152152,,,,,,,
CN(C)CCOCC1=CC2=C(C=CN=C2N1)C1=C2C=CC=NN2N=C1,ADS155308,2.9488946,5.53034075,,,,,,,
C=CC[C@@H]1CNC(=O)C2=C1NC(=C2)C1=C2C=CNC2=NC=C1,ADS155819,1.2853121,5.890991404,,,,,,,
C=CC[C@H]1CNC(=O)C2=C1NC(=C2)C1=C2C=CNC2=NC=C1,ADS155820,0.5381173,6.269123046,,,,,,,
CC1=NN2N=CC(=C2C=C1)C1=CC=NC2=C1C=CN2,ADS155915,2.1437193,5.668832082,,,,,,,
[H][C@]1(CCN(C1)C(=O)C1=CC=C(NC(=O)C=C)C=C1)C1=CC2=C(C=CN=C2N1)C1=C2C=CC=NN2N=C1,ADS156210,0.01656915,7.78069977,,,,,,,
[H][C@]1(CCN(C1)C(=O)C1=CC(NC(=O)C=C)=CC=C1)C1=CC2=C(C=CN=C2N1)C1=C2C=CC=NN2N=C1,ADS156211,0.015207,7.817956454,,,,,,,
CN(C)C\\C=C\\C(=O)NC1=CC=CC(=C1)C(=O)N1CCC(C1)C1=CC2=C(C=CN=C2N1)C1=C2C=CC=NN2N=C1,ADS156316,0.03019395,7.520080068,,,,,,,
CC(C)(C)OC(=O)N1CCC(C1)C1=CC2=C(C=CN=C2N1)C1=C2C=CC=NN2N=C1,ADS156317,0.345749375,6.461238596,,,,,,,
C1CC(CN1)C1=CC2=C(C=CN=C2N1)C1=C2C=CC=NN2N=C1,ADS156318,0.03791445,7.42119524,,,,,,,
CN(C)C\\C=C\\C(=O)NC1=CC=C(C=C1)C(=O)N1CCC(C1)C1=CC2=C(N1)N=CC=C2C1=C2C=CC=NN2N=C1,ADS156357,0.02937055,7.532087921,,,,,,,
ClCC(=O)NC1=CC=C(C=C1)C(=O)N1CCC(C1)C1=CC2=C(N1)N=CC=C2C1=C2C=CC=NN2N=C1,ADS156358,0.01963625,7.706941447,,,,,,,
ClCC(=O)NC1=CC=CC(=C1)C(=O)N1CCC(C1)C1=CC2=C(C=CN=C2N1)C1=C2C=CC=NN2N=C1,ADS156359,0.0152162,7.817693792,,,,,,,
[H][C@]1(CCN(C1)C(=O)C1=CC=C(NC(=O)C=C)C=C1)C1=CC2=C(C=CN=C2N1)C1=CNC2=C1C=CC=C2,ADS157046,0.068477125,7.164454482,,,,,,,
O=C(NC1=CC=CC(=C1)C(=O)N1CCC(C1)C1=CC2=C(N1)N=CC=C2C1=C2C=CC=NN2N=C1)C#C,ADS157060,0.03288,7.483068191,,,,,,,
O=C(NC1=CC=C(C=C1)C(=O)N1CCC(C1)C1=CC2=C(N1)N=CC=C2C1=C2C=CC=NN2N=C1)C#C,ADS157061,0.02548035,7.593794611,,,,,,,
CN1N=C(C=C1NC(=O)NC1=CC=C(OC2=CC=NC3=C2C=CN3)C=C1)C(C)(C)C,ADS157142,1.80E-01,6.744727495,,,,,,,
[H][C@]1(CCN(C1)C(=O)C1CCN(CC1)C(=O)C=C)C1=CC2=C(C=CN=C2N1)C1=C2C=CC=NN2N=C1,ADS157164,0.09046575,7.043515812,,,,,,,
[H][C@]1(CCN(C1)C(=O)C1CCN(CC1)C(=O)C#C)C1=CC2=C(C=CN=C2N1)C1=C2C=CC=NN2N=C1,ADS157165,0.0053973,8.267823442,,,,,,,
NC1=CC(=CC=C1)C1=CC2=C(N1)N=CC=C2C1=C2C=CC=NN2N=C1,ADS157193,0.0128834,7.889969509,,,,,,,
C=CC(=O)NC1=CC=C(C=C1)C(=O)NC1=CC(=CC=C1)C1=CC2=C(N1)N=CC=C2C1=C2C=CC=NN2N=C1,ADS157194,0.0286414,7.543005757,,,,,,,
[H][C@]1(CCN(C1)C(=O)OC(C)(C)C)C1=CC2=C(N1)N=CC=C2C1=C2C=CC=NN2N=C1,ADS157195,0.1929506,6.714553867,,,,,,,
[H][C@@]1(CCN(C1)C(=O)OC(C)(C)C)C1=CC2=C(N1)N=CC=C2C1=C2C=CC=NN2N=C1,ADS157196,0.1380518,6.859957926,,,,,,,
[H][C@]1(CCN(C1)C(=O)C1=CC=C(NC(=O)C=C)C=C1)C1=CC2=C(C=CN=C2N1)C1=C2C=CC=NN2N=C1,ADS157347,0.0119443,7.922839297,,,,,,,
[H][C@]1(CCN(C1)C(=O)C1=CC(NC(=O)C=C)=CC=C1)C1=CC2=C(C=CN=C2N1)C1=C2C=CC=NN2N=C1,ADS157348,0.0090658,8.042593866,,,,,,,
[H][C@@]1(CCN(C1)C(=O)C1=CC=C(NC(=O)C=C)C=C1)C1=CC2=C(N1)N=CC=C2C1=C2C=CC=NN2N=C1,ADS157384,0.0158071,7.801147799,,,,,,,
[H][C@@]1(CCN(C1)C(=O)C1=CC(NC(=O)C=C)=CC=C1)C1=CC2=C(C=CN=C2N1)C1=C2C=CC=NN2N=C1,ADS157385,0.010141975,7.993877464,,,,,,,
C=CC(=O)NCC(=O)N1CCC(C1)C1=CC2=C(N1)N=CC=C2C1=C2C=CC=NN2N=C1,ADS157422,0.0304618,7.516244438,,,,,,,
[H][C@]1(CCN(C1)C(=O)[C@@H]1CCCN1C(=O)C=C)C1=CC2=C(N1)N=CC=C2C1=C2C=CC=NN2N=C1,ADS157436,0.04148665,7.382091633,,,,,,,
FC(F)(F)C1=NOC(NC(=O)NC2=CC=C(OC3=C4C=CNC4=NC=C3)C=C2)=C1,ADS157524,1.3726,5.862456005,,,,,,,
[H][C@]1(CCN(C1)C(=O)[C@H]1CCCN1C(=O)C=C)C1=CC2=C(N1)N=CC=C2C1=C2C=CC=NN2N=C1,ADS157540,0.07961425,7.099009192,,,,,,,
ClC1=CC=NC2=C1C=C(N2)C1=CC=CC(NC(=O)C2=CC=C(NC(=O)C=C)C=C2)=C1,ADS157543,3.8958,5.409403347,,,,,,,
[H][C@]1(CCN(C1)C(=O)[C@@H]1CCCN1C(=O)CCl)C1=CC2=C(C=CN=C2N1)C1=C2C=CC=NN2N=C1,ADS157635,0.03533825,7.451754961,,,,,,,
[H][C@]1(CCN(C1)C(=O)[C@H]1CCCN1C(=O)CCl)C1=CC2=C(C=CN=C2N1)C1=C2C=CC=NN2N=C1,ADS157636,0.02155615,7.666428803,,,,,,,
ClCC(=O)N1CCC(CC1)C(=O)N1CCC(C1)C1=CC2=C(N1)N=CC=C2C1=C2C=CC=NN2N=C1,ADS157637,0.01333935,7.874865332,,,,,,,
[H][C@]1(CCN(C1)C(=O)CNC(=O)CCl)C1=CC2=C(N1)N=CC=C2C1=C2C=CC=NN2N=C1,ADS157638,0.02071645,7.683684664,,,,,,,
[H][C@]1(CCN(C1)C(=O)C1=CC(NC(=O)CCl)=CC=C1)C1=CC2=C(C=CN=C2N1)C1=C2C=CC=NN2N=C1,ADS157749,0.0120831,7.91782163,,,,,,,
[H][C@@]1(CCN(C1)C(=O)C1=CC(NC(=O)CCl)=CC=C1)C1=CC2=C(C=CN=C2N1)C1=C2C=CC=NN2N=C1,ADS157751,0.01050205,7.978725918,,,,,,,
[H][C@]1(CCN(C1)C(=O)[C@@H]1CCCN1C(=O)C=C)C1=CC2=C(C=CN=C2N1)C1=C2C=CC=NN2N=C1,ADS157753,0.15239355,6.817033414,,,,,,,
[H][C@@]1(CCN(C1)C(=O)[C@@H]1CCCN1C(=O)C=C)C1=CC2=C(C=CN=C2N1)C1=C2C=CC=NN2N=C1,ADS157756,0.03675475,7.434686527,,,,,,,
OCCN1N=C(C=C1NC(=O)NC1=CC=C(OC2=CC=NC3=C2C=CN3)C=C1)C(F)(F)F,ADS157762,14.15405,4.849119275,,,,,,,
OCCN1N=C(NC(=O)NC2=CC=C(OC3=CC=NC4=C3C=CN4)C=C2)C=C1C(F)(F)F,ADS157779,1.85E+00,5.732828272,,,,,,,
C=CC(=O)NC1=CC=C(C=C1)C(=O)NCC1=CC2=C(N1)N=CC=C2C1=C2C=CC=NN2N=C1,ADS157887,0.098963875,7.004523308,,,,,,,
NCCC1=CC2=C(N1)N=CC=C2C1=C2C=CC=NN2N=C1,ADS158028,0.1304346,6.884607189,,,,,,,
CCOCCC(=O)NC1=CC=C(C=C1)C(=O)NCCC1=CC2=C(N1)N=CC=C2C1=C2C=CC=NN2N=C1,ADS158029,1.0184448,5.992062505,,,,,,,
C=CC(=O)NC1=CC=C(C=C1)C(=O)NCCC1=CC2=C(N1)N=CC=C2C1=C2C=CC=NN2N=C1,ADS158030,0.03759445,7.424876264,,,,,,,
CN1CCN(CCN2N=C(NC(=O)NC3=CC=C(OC4=C5C=CNC5=NC=C4)C=C3)C=C2C(F)(F)F)CC1,ADS158033,6.4742276,5.188812037,,,,,,,
C=CC(=O)N1CCC(CC1)C(=O)NCCC1=CC2=C(N1)N=CC=C2C1=C2C=CC=NN2N=C1,ADS158080,0.46526225,6.332302183,,,,,,,
C=CC(=O)N1CCC[C@H]1C(=O)NCCC1=CC2=C(N1)N=CC=C2C1=C2C=CC=NN2N=C1,ADS158081,2.46E-02,7.609064893,,,,,,,
C=CC(=O)NC1=CC(=CC=C1)C(=O)NCCC1=CC2=C(N1)N=CC=C2C1=C2C=CC=NN2N=C1,ADS158082,0.0161743,7.791174506,,,,,,,
C=CC(=O)NC1=CC(=CC=C1)C(=O)NCCC1=CC2=C(N1)N=CC=C2C1=C2C=CC=NN2N=C1,ADS158082,0.0161743,7.791174506,,,,,,,
C=CC(=O)N1CCC[C@H](C1)C(=O)NCCC1=CC2=C(N1)N=CC=C2C1=C2C=CC=NN2N=C1,ADS158083,0.01497865,7.824527327,,,,,,,
COCCC(=O)NC1=C(C=CC=C1)C(=O)N1CC[C@@H](C1)C1=CC2=C(N1)N=CC=C2C1=C2C=CC=NN2N=C1,ADS158085,0.028202875,7.549706617,,,,,,,
CN(C)CCN1N=C(NC(=O)NC2=CC=C(OC3=C4C=CNC4=NC=C3)C=C2)C=C1C(F)(F)F,ADS158086,5.0648635,5.295432255,,,,,,,
C=CC(=O)N1CCC[C@@H]1C(=O)NCCC1=CC2=C(N1)N=CC=C2C1=C2C=CC=NN2N=C1,ADS158156,0.029156425,7.535265728,,,,,,,
ClCC(=O)NC1=C(C=CC=C1)C(=O)N1CC[C@@H](C1)C1=CC2=C(N1)N=CC=C2C1=C2C=CC=NN2N=C1,ADS158192,0.038543,7.414054485,,,,,,,
[H][C@]1(CCN(C1)C(=O)[C@H]1CCCN1C(=O)CCl)C1=CC2=C(N1)N=CC=C2C1=C2C=CC=NN2N=C1,ADS158209,0.02931505,7.532909361,,,,,,,
[H][C@]1(CCN(C1)C(=O)[C@@H]1CCCN1C(=O)CCl)C1=CC2=C(N1)N=CC=C2C1=C2C=CC=NN2N=C1,ADS158210,0.02580045,7.588372719,,,,,,,
[H][C@@]1(CCN(C1)C(=O)[C@H]1CCCN1C(=O)CCl)C1=CC2=C(N1)N=CC=C2C1=C2C=CC=NN2N=C1,ADS158218,0.01690035,7.772104301,,,,,,,
[H][C@@]1(CCN(C1)C(=O)[C@@H]1CCCN1C(=O)CCl)C1=CC2=C(N1)N=CC=C2C1=C2C=CC=NN2N=C1,ADS158253,0.0249171,7.603502505,,,,,,,
CN1CCN(CCN2N=C(C=C2NC(=O)NC2=CC=C(OC3=CC=NC4=C3C=CN4)C=C2)C(F)(F)F)CC1,ADS158303,19.0891,4.719214547,,,,,,,
[H][C@@]1(CCN(C1)C(=O)C1=CC(NC(=O)CC)=CC=C1)C1=CC2=C(N1)N=CC=C2C1=C2C=CC=NN2N=C1,ADS158309,7.71E-02,7.112945622,,,,,,,
[H][C@]1(CCN(C1)C(=O)C1CCN(CC1)C(=O)C#C)C1=CC2=C(N1)N=CC=C2C1=C2C=CC=NN2N=C1,ADS158316,0.00821335,8.08547967,,,,,,,
[H][C@@]1(CCN(C1)C(=O)C1CCN(CC1)C(=O)C#C)C1=CC2=C(N1)N=CC=C2C1=C2C=CC=NN2N=C1,ADS158319,0.0104821,7.979551701,,,,,,,
C=CC(=O)N1CCC(CC1)C(=O)NCC1=CC2=C(N1)N=CC=C2C1=C2C=CC=NN2N=C1,ADS158407,23.6214,4.626694366,,,,,,,
CCC(=O)N1CCC[C@H]1C(=O)NCCC1=CC2=C(N1)N=CC=C2C1=C2C=CC=NN2N=C1,ADS158409,2.139665,5.669654217,,,,,,,
C=CC(=O)N1CCC[C@@H]1C(=O)N1CCC(C1)C1=CC2=C(N1)N=CC=C2C1=C2C=CC=NN2N=C1,ADS158418,0.07782555,7.108877801,,,,,,,
C=CC(=O)N1CCC[C@@H]1C(=O)N1CCC(C1)C1=CC2=C(N1)N=CC=C2C1=C2C=CC=NN2N=C1,ADS158419,0.0857537,7.066747132,,,,,,,
CN(C(=O)NC1=NN(C)C(=C1)C(F)(F)F)C1=CC=C(OC2=CC=NC3=C2C=CN3)C=C1,ADS158423,25.49925,4.593472593,,,,,,,
CN1N=C(NC(=O)NC2=CC=C(OC3=C4C=CNC4=NC=C3)C=C2)C=C1C1CC1,ADS158467,5.79E-01,6.237321436,,,,,,,
C=CC(=O)NC1=CC=CC(=C1)C(=O)N1CCN(CC2=CC3=C(N2)N=CC=C3C2=C3C=CC=NN3N=C2)CC1,ADS158468,0.37851385,6.421918225,,,,,,,
C=CC(=O)NC1=CC=C(C=C1)C(=O)N1CCN(CC2=CC3=C(N2)N=CC=C3C2=C3C=CC=NN3N=C2)CC1,ADS158469,0.19574105,6.708318086,,,,,,,
C=CC(=O)N1CC(C1)C(=O)NCCC1=CC2=C(N1)N=CC=C2C1=C2C=CC=NN2N=C1,ADS158633,0.03387485,7.470122619,,,,,,,
C=CC(=O)N1CCC[C@H]1C(=O)N1CCN(CC2=CC3=C(N2)N=CC=C3C2=C3C=CC=NN3N=C2)CC1,ADS158634,2.6610957,5.574939507,,,,,,,
CN(C)C\\C=C\\C(=O)N1CCC[C@H]1C(=O)NCCC1=CC2=C(N1)N=CC=C2C1=C2C=CC=NN2N=C1,ADS158635,2.02826555,5.692875186,,,,,,,
C=CC(=O)N1CC[C@@H](C1)C(=O)NCC1=CC2=C(N1)N=CC=C2C1=C2C=CC=NN2N=C1,ADS158664,3.5247145,5.452876055,,,,,,,
O=C(NCCC1=CC2=C(N1)N=CC=C2C1=C2C=CC=NN2N=C1)[C@@H]1CCCN1S(=O)(=O)C1=CC=CC=C1,ADS158665,0.18948105,6.722434217,,,,,,,
O=C(NCCC1=CC2=C(N1)N=CC=C2C1=C2C=CC=NN2N=C1)[C@@H]1CCCN1,ADS158666,2.63E-01,6.580044252,,,,,,,
C=CC(=O)N1CC[C@H](C1)C(=O)NCC1=CC2=C(N1)N=CC=C2C1=C2C=CC=NN2N=C1,ADS158677,9.177,5.037299268,,,,,,,
C=CC(=O)NC1=CC(=CC=C1)C(=O)NCC1=CC2=C(N1)N=CC=C2C1=C2C=CC=NN2N=C1,ADS158678,0.5038687,6.297682619,,,,,,,
CN(C)C\\C=C\\C(=O)NC1=CC=C(C=C1)C(=O)NCC1=CC2=C(N1)N=CC=C2C1=C2C=CC=NN2N=C1,ADS158679,0.73308785,6.134843978,,,,,,,
ClCC(=O)N1CCC[C@H]1C(=O)NCCC1=CC2=C(N1)N=CC=C2C1=C2C=CC=NN2N=C1,ADS158780,0.1044161,6.981232532,,,,,,,
C=CC(=O)N1CCC[C@@H]1C(=O)NCC1=CC2=C(N1)N=CC=C2C1=C2C=CC=NN2N=C1,ADS158781,18.26855,4.738295922,,,,,,,
C=CC(=O)N1CCC[C@H]1C(=O)NCC1=CC2=C(N1)N=CC=C2C1=C2C=CC=NN2N=C1,ADS158782,26.4377,4.57777633,,,,,,,
C=CC(=O)N1CCC[C@H](C1)C(=O)NCCC1=CC2=C(N1)N=CC=C2C1=C2C=CC=NN2N=C1,ADS158783,0.0773118,7.111754215,,,,,,,
C=CC(=O)N1CCC[C@@H](C1)C(=O)NCCC1=CC2=C(N1)N=CC=C2C1=C2C=CC=NN2N=C1,ADS158784,0.01029018,7.987577028,,,,,,,
CC(C)=CC(=O)N1CCC[C@H]1C(=O)NCCC1=CC2=C(N1)N=CC=C2C1=C2C=CC=NN2N=C1,ADS158785,0.4903327,6.309509143,,,,,,,
C=CC(=O)N1CCC[C@H](C1)C(=O)NCC1=CC2=C(N1)N=CC=C2C1=C2C=CC=NN2N=C1,ADS158798,10.9025,4.962473905,,,,,,,
CN(CC1=CC2=C(N1)N=CC=C2C1=C2C=CC=NN2N=C1)C(=O)C1=CC=C(NC(=O)C=C)C=C1,ADS158799,0.07495025,7.125226914,,,,,,,
OCC(=O)N1CCC[C@H]1C(=O)NCCC1=CC2=C(N1)N=CC=C2C1=C2C=CC=NN2N=C1,ADS158864,0.7863322,6.10439394,,,,,,,
OCC(=O)N1CCC[C@@H]1C(=O)NCCC1=CC2=C(N1)N=CC=C2C1=C2C=CC=NN2N=C1,ADS158865,0.16144465,6.791976342,,,,,,,
C=CC(=O)N[C@H]1CC[C@H](CC1)C(=O)NCC1=CC2=C(N1)N=CC=C2C1=C2C=CC=NN2N=C1,ADS158866,18.5393,4.731906668,,,,,,,
FC(F)(F)C1=NN(CC2=CC=NC=C2)C(NC(=O)NC2=CC=C(OC3=C4C=CNC4=NC=C3)C=C2)=C1,ADS158868,15.10615,4.820846207,,,,,,,
CN(C(=O)C=C)C1=CC=C(C=C1)C(=O)NCC1=CC2=C(N1)N=CC=C2C1=C2C=CC=NN2N=C1,ADS158919,0.2345771,6.629714387,,,,,,,
C=CC(=O)N1CCCC[C@H]1C(=O)NCCC1=CC2=C(N1)N=CC=C2C1=C2C=CC=NN2N=C1,ADS159417,0.0428164,7.368389851,,,,,,,
CN(C)C\\C=C\\C(=O)N1CCCC[C@H]1C(=O)NCCC1=CC2=C(N1)N=CC=C2C1=C2C=CC=NN2N=C1,ADS159418,1.62946715,5.78795439,,,,,,,
C=CC(=O)NCC1=CC(=CC=C1)C(=O)NCC1=CC2=C(N1)N=CC=C2C1=C2C=CC=NN2N=C1,ADS159419,5.5041867,5.259306843,,,,,,,
C=CC(=O)N1CCC(CC(=O)NCC2=CC3=C(N2)N=CC=C3C2=C3C=CC=NN3N=C2)CC1,ADS159420,14.70595,4.832506915,,,,,,,
CN1N=C(NC(=O)N[C@H]2CCCN(C2)C2=C3C=CNC3=NC=C2)C=C1C(F)(F)F,ADS159542,0.491957,6.308072856,,,,,,,
CC(C)(CCl)C(=O)N1CCC[C@H]1C(=O)NCCC1=CC2=C(N1)N=CC=C2C1=C2C=CC=NN2N=C1,ADS159544,0.69885555,6.155612582,,,,,,,
CC(=C)C(=O)N1CCC[C@H]1C(=O)NCCC1=CC2=C(N1)N=CC=C2C1=C2C=CC=NN2N=C1,ADS159545,1.3076935,5.883494035,,,,,,,
C\\C=C\\C(=O)N1CCC[C@H]1C(=O)NCCC1=CC2=C(N1)N=CC=C2C1=C2C=CC=NN2N=C1,ADS159546,1.326112,5.877419795,,,,,,,
CC#CC(=O)N1CCC[C@H]1C(=O)NCCC1=CC2=C(N1)N=CC=C2C1=C2C=CC=NN2N=C1,ADS159547,0.9412353,6.026301793,,,,,,,
CN1N=C(NC(=O)N[C@@H]2CCCN(C2)C2=C3C=CNC3=NC=C2)C=C1C(F)(F)F,ADS159627,24.3699,4.613146253,,,,,,,
CN(CCC1=CC2=C(N1)N=CC=C2C1=C2C=CC=NN2N=C1)C(=O)[C@@H]1CCCN1C(=O)C=C,ADS159631,0.72597875,6.139076091,,,,,,,
C=CC(=O)N1CCC[C@H]1C(=O)N1CCC(CC1)C1=CC2=C(N1)N=CC=C2C1=C2C=CC=NN2N=C1,ADS159632,0.0286599,7.542725329,,,,,,,
C=CC(=O)N1CCC[C@@H]1C(=O)N1CCC(CC1)C1=CC2=C(N1)N=CC=C2C1=C2C=CC=NN2N=C1,ADS159633,0.0519812,7.284153699,,,,,,,
CN1N=C(NC(=O)CC2CCCN(C2)C2=C3C=CNC3=NC=C2)C=C1C(F)(F)F,ADS159699,12.47695,4.903891565,,,,,,,
CN1N=C(NC(=O)N[C@H]2CC[C@@H](CC2)OC2=CC=NC3=C2C=CN3)C=C1C(F)(F)F,ADS159736,0.88065,6.055196661,,,,,,,
C=CC(=O)N1CC[C@]2(C1)CCCN(CC1=CC3=C(N1)N=CC=C3C1=C3C=CC=NN3N=C1)C2,ADS159744,15.31255,4.81495248,,,,,,,
CN(CCC1=CC2=C(N1)N=CC=C2C1=C2C=CC=NN2N=C1)C(=O)[C@H]1CCCN(C1)C(=O)C=C,ADS159757,0.75420865,6.122508491,,,,,,,
C=CC(=O)NC[C@@H]1CCN(CC2=CC3=C(N2)N=CC=C3C2=C3C=CC=NN3N=C2)C1,ADS159758,14.0979,4.850845574,,,,,,,
C=CC(=O)N[C@H]1COC[C@@H]1C(=O)NCC1=CC2=C(N1)N=CC=C2C1=C2C=CC=NN2N=C1,ADS160005,5.81708385,5.235294676,,,,,,,
C=CC(=O)N[C@@H]1CC[C@H](C1)C(=O)NCC1=CC2=C(N1)N=CC=C2C1=C2C=CC=NN2N=C1,ADS160059,13.49015,4.869983221,,,,,,,
CN(CCC1=CC2=C(N1)N=CC=C2C1=C2C=CC=NN2N=C1)C(=O)[C@H]1CCCN1C(=O)C=C,ADS160076,4.0425638,5.393343117,,,,,,,
CN(C)C\\C=C\\C(=O)N1CCCC[C@@H]1C(=O)NCCC1=CC2=C(N1)N=CC=C2C1=C2C=CC=NN2N=C1,ADS160077,0.9578324,6.018710476,,,,,,,
CCNCCC1=CC2=C(N1)N=CC=C2C1=C2C=CC=NN2N=C1,ADS160078,0.71479855,6.145816337,,,,,,,
O=C(NCCC1=CC2=C(N1)N=CC=C2C1=CC=NC=C1)[C@@H]1CCCN1,ADS160079,14.6561,4.83398158,,,,,,,
C=CC(=O)N1CCO[C@H](C1)C(=O)NCCC1=CC2=C(N1)N=CC=C2C1=C2C=CC=NN2N=C1,ADS160080,0.01457045,7.836527035,,,,,,,
C=CC(=O)N1CCOC[C@@H]1C(=O)NCCC1=CC2=C(N1)N=CC=C2C1=C2C=CC=NN2N=C1,ADS160082,0.015955375,7.797092984,,,,,,,
CN1N=C(NC(=O)NC2=CC=C(OC3=C4C=CNC4=NC=C3)C=C2)C=C1C(C)(C)C,ADS160084,0.34625875,6.460599243,,,,,,,
C=CC(=O)N1CCCC[C@@H]1C(=O)NCCC1=CC2=C(N1)N=CC=C2C1=C2C=CC=NN2N=C1,ADS160181,0.034871375,7.457530928,,,,,,,
CN(CCC1=CC2=C(N1)N=CC=C2C1=C2C=CC=NN2N=C1)C(=O)C1=CC(NC(=O)C=C)=CC=C1,ADS160182,0.1655954,6.780951731,,,,,,,
CCN(CCC1=CC2=C(N1)N=CC=C2C1=C2C=CC=NN2N=C1)C(=O)[C@@H]1CCCN1C(=O)C=C,ADS160186,11.2092,4.950425382,,,,,,,
C=CC(=O)N[C@@H]1CC[C@H](C1)C(=O)NCCC1=CC2=C(N1)N=CC=C2C1=C2C=CC=NN2N=C1,ADS160187,0.43804375,6.358482512,,,,,,,
C=CC(=O)N1CCC[C@H]1C(=O)NCCC1=CC2=C(N1)N=CC=C2C1=CC=NC=C1,ADS160188,8.56965,5.067036915,,,,,,,
CN1C=C(C=N1)C1=CC=NC2=C1C=C(CCNC(=O)[C@@H]1CCCN1C(=O)C=C)N2,ADS160208,0.44567065,6.350985966,,,,,,,
CN1N=C(NC(=O)C[C@@H]2CCCN(C2)C2=C3C=CNC3=NC=C2)C=C1C(F)(F)F,ADS160241,5.5981726,5.251953716,,,,,,,
C=CC(=O)N1CCOC[C@H]1C(=O)NCCC1=CC2=C(N1)N=CC=C2C1=C2C=CC=NN2N=C1,ADS160243,0.0140664,7.851817037,,,,,,,
C=CC(=O)N1CCO[C@H](C1)C(=O)NCCC1=CC2=C(N1)N=CC=C2C1=C2C=CC=NN2N=C1,ADS160386,0.01643695,7.784178766,,,,,,,
C=CC(=O)N1CCO[C@@H](C1)C(=O)NCCC1=CC2=C(N1)N=CC=C2C1=C2C=CC=NN2N=C1,ADS160387,0.041988,7.376874811,,,,,,,
C=CC(=O)N1CC[C@@H]1C(=O)NCCC1=CC2=C(N1)N=CC=C2C1=C2C=CC=NN2N=C1,ADS160388,0.0156509,7.805460683,,,,,,,
CN1N=CC=C1C1=CC=NC2=C1C=C(CCNC(=O)[C@@H]1CCCN1C(=O)C=C)N2,ADS160389,15.94485,4.797379562,,,,,,,
CN1N=CC=C1C1=CC=NC2=C1C=C(CCNC(=O)[C@H]1CCCN1C(=O)C=C)N2,ADS160390,12.6329,4.898496942,,,,,,,
O=C(NC1=CC=C(OC2=C3C=CNC3=NC=C2)C=C1)N1CC[C@@H](C1)OC1=CC=CC=N1,ADS160503,23.4888,4.62913917,,,,,,,
O=C(NC1=CC=C(OC2=C3C=CNC3=NC=C2)C=C1)N1CC[C@H](C1)OC1=CC=CC=N1,ADS160504,27.4771,4.561029106,,,,,,,
O=C(NCCC1=CC2=C(C=CN=C2N1)C1=C2C=CC=NN2N=C1)[C@@H]1CCCN1C(=O)\\C=C\\CN1CCOCC1,ADS160519,4.9975484,5.301242991,,,,,,,
ClC1=CN=C2NC=CC2=C1C1=C2C=CC=NN2N=C1,ADS160520,0.22121605,6.655183367,,,,,,,
O=C(NCCC1=CC2=C(C=CN=C2N1)C1=C2C=CC=NN2N=C1)[C@@H]1CCCN1C(=O)\\C=C\\CN1CCCC1,ADS160548,1.59195065,5.798070399,,,,,,,
CN1N=C(NC(=O)N[C@H]2CCCN(CC3=C4C=CNC4=NC=C3)C2)C=C1C(F)(F)F,ADS160710,18.40145,4.735147954,,,,,,,
C=CC(=O)N1CCC[C@H]1C(=O)NCCC1=CC2=C(C=CN=C2N1)C1=CC=CN=C1,ADS160713,2.3536963,5.628249575,,,,,,,
O=C(CC#N)N1CCC[C@H]1C(=O)NCCC1=CC2=C(C=CN=C2N1)C1=C2C=CC=NN2N=C1,ADS160714,0.57623605,6.239399575,,,,,,,
CC(C)=C(C#N)C(=O)N1CCC[C@H]1C(=O)NCCC1=CC2=C(C=CN=C2N1)C1=C2C=CC=NN2N=C1,ADS160715,1.15410845,5.937753379,,,,,,,
NCCC1=CC2=C(C=CN=C2N1)C1=CC=CN=C1,ADS160716,6.35374195,5.196970428,,,,,,,
NCCC1=CC2=C(C3=C4C=CC=NN4N=C3)C(Cl)=CN=C2N1,ADS160789,0.11180255,6.951548291,,,,,,,
ClC1=CN=C2NC(CCNC(=O)[C@@H]3CCCN3C(=O)C=C)=CC2=C1C1=C2C=CC=NN2N=C1,ADS160790,0.0359454,7.444356679,,,,,,,
ClC1=CN=C2NC(CCNC(=O)[C@H]3CCCN(C3)C(=O)C=C)=CC2=C1C1=C2C=CC=NN2N=C1,ADS160791,0.0178815,7.747596053,,,,,,,
ClC1=CN=C2NC(CCNC(=O)C3=CC=CC(NC(=O)C=C)=C3)=CC2=C1C1=C2C=CC=NN2N=C1,ADS160799,0.0207928,7.682087024,,,,,,,
ClC1=CN=C2NC(CCNC(=O)[C@H]3CCCN3C(=O)C=C)=CC2=C1C1=C2C=CC=NN2N=C1,ADS160801,0.03509325,7.45477641,,,,,,,
[H][C@@]1(CCN(C1)C(=O)C1=CC(NC(=O)C=C)=CN=C1)C1=CC2=C(C=CN=C2N1)C1=C2C=CC=NN2N=C1,ADS160803,0.01058455,7.975327601,,,,,,,
CN(C)C\\C=C\\C(=O)N1CCC(CC1)C(=O)N1CCC(CC1)C1=CC2=C(C=CN=C2N1)C1=C2C=CC=NN2N=C1,ADS160857,0.0591337,7.228164946,,,,,,,
CN(C)C\\C=C\\C(=O)N1CC[C@H](C1)C(=O)N1CCC(CC1)C1=CC2=C(C=CN=C2N1)C1=C2C=CC=NN2N=C1,ADS160858,0.04579115,7.339218449,,,,,,,
O=C(NCCC1=CC2=C(C=CN=C2N1)C1=C2C=CC=NN2N=C1)[C@@H]1CCCN1C(=O)C1=CCCC1,ADS160859,0.94053225,6.026626308,,,,,,,
CN1N=C(NC(=O)N[C@@H]2CCC[C@@H](C2)OC2=CC=NC3=C2C=CN3)C=C1C(F)(F)F,ADS160860,10.8838,4.963219447,,,,,,,
[H][C@@]1(CCN(C1)C(=O)C1=CC(NC(=O)\\C=C\\CN(C)C)=CN=C1)C1=CC2=C(C=CN=C2N1)C1=C2C=CC=NN2N=C1,ADS160917,0.02375755,7.624198348,,,,,,,
C=CC(=O)N1CC[C@H]1C(=O)NCCC1=CC2=C(N1)N=CC=C2C1=C2C=CC=NN2N=C1,ADS160918,0.0228845,7.640458572,,,,,,,
C=CC(=O)N1CC[C@@H]1C(=O)NCCC1=CC2=C(N1)N=CC=C2C1=C2C=CC=NN2N=C1,ADS160919,1.11E-02,7.954677021,,,,,,,
CN(C)C\\C=C\\C(=O)NC1=CC(=CC=C1)C(=O)NCCC1=CC2=C(N1)N=CC=C2C1=C2C=CC=NN2N=C1,ADS161086,0.1456021,6.836832361,,,,,,,
[H][C@@]1(CCN(C1)C(=O)CC1CCN(CC1)C(=O)\\C=C\\CN(C)C)C1=CC2=C(C=CN=C2N1)C1=C2C=CC=NN2N=C1,ADS161087,0.22745765,6.643099452,,,,,,,
[H][C@@]1(CCN(C1)C(=O)[C@H]1CCCN1C(=O)[C@@H](C)Cl)C1=CC2=C(C=CN=C2N1)C1=C2C=CC=NN2N=C1,ADS161088,0.6143366,6.21159361,,,,,,,
[H][C@@]1(CCN(C1)C(=O)CO[C@@H]1CCN(C1)C(=O)\\C=C\\CN(C)C)C1=CC2=C(C=CN=C2N1)C1=C2C=CC=NN2N=C1,ADS161122,0.12961875,6.887332171,,,,,,,
[H][C@@]1(CCN(C1)C(=O)[C@@H]1CCCN(C1)C(=O)\\C=C\\CN(C)C)C1=CC2=C(C=CN=C2N1)C1=C2C=CC=NN2N=C1,ADS161123,0.1498404,6.824371076,,,,,,,
[H][C@@]1(CCN(C1)C(=O)[C@H](C)Cl)C1=CC2=C(C=CN=C2N1)C1=C2C=CC=NN2N=C1,ADS161163,0.11880295,6.925172775,,,,,,,
CN1CCN(CC2=C(C=C(NC(=O)N[C@H]3CC[C@@H](CC3)OC3=C4C=CNC4=NC=C3)C=C2)C(F)(F)F)CC1,ADS161166,0.07854085,7.104904403,,,,,,,
CN1CCN(CC2=C(C=C(NC(=O)N[C@H]3CCCN(C3)C3=C4C=CNC4=NC=C3)C=C2)C(F)(F)F)CC1,ADS161178,1.29308105,5.888374253,,,,,,,
C=CC(=O)N1CCC[C@H]1CNC(=O)CC1=CC2=C(N1)N=CC=C2C1=C2C=CC=NN2N=C1,ADS161233,3.43679585,5.463846265,,,,,,,
[H][C@@]1(CCN(C1)C(=O)[C@H]1CCCN(C1)C(=O)\\C=C\\CN(C)C)C1=CC2=C(C=CN=C2N1)C1=C2C=CC=NN2N=C1,ADS161273,0.1250896,6.902778796,,,,,,,
[H][C@@]1(CCN(C1)C(=O)C[C@@H]1CCCN(C1)C(=O)\\C=C\\CN(C)C)C1=CC2=C(C=CN=C2N1)C1=C2C=CC=NN2N=C1,ADS161423,0.315973,6.500350026,,,,,,,
CN(C)C\\C=C\\C(=O)N1CCC[C@@H](C1)C(=O)N1CCC(CC1)C1=CC2=C(C=CN=C2N1)C1=C2C=CC=NN2N=C1,ADS161424,0.0724292,7.140086312,,,,,,,
CN(C)C\\C=C\\C(=O)N1CC[C@@H]1C(=O)N1CCC(CC1)C1=CC2=C(C=CN=C2N1)C1=C2C=CC=NN2N=C1,ADS161425,0.0609485,7.215036978,,,,,,,
CN(C)C\\C=C\\C(=O)N1CC[C@H]1C(=O)N1CCC(CC1)C1=CC2=C(C=CN=C2N1)C1=C2C=CC=NN2N=C1,ADS161426,0.0282865,7.548420786,,,,,,,
CN(C)C\\C=C\\C(=O)N1CC(C1)C(=O)N1CCC(CC1)C1=CC2=C(C=CN=C2N1)C1=C2C=CC=NN2N=C1,ADS161518,0.02050645,7.688109517,,,,,,,
O=C(C1CCNCC1)N1CCC(CC1)C1=CC2=C(C=CN=C2N1)C1=C2C=CC=NN2N=C1,ADS161519,0.0802978,7.095296353,,,,,,,
CCC(=O)N1CCC(CC1)C(=O)N1CCC(CC1)C1=CC2=C(C=CN=C2N1)C1=C2C=CC=NN2N=C1,ADS161520,0.07662315,7.115639998,,,,,,,
C\\C=C\\C(=O)N1CCC(CC1)C(=O)N1CCC(CC1)C1=CC2=C(C=CN=C2N1)C1=C2C=CC=NN2N=C1,ADS161530,0.0661958,7.179169565,,,,,,,
CN(C)CCCC(=O)N1CCC(CC1)C(=O)N1CCC(CC1)C1=CC2=C(C=CN=C2N1)C1=C2C=CC=NN2N=C1,ADS161539,0.06598065,7.18058341,,,,,,,
C=CC(=O)N1CCC[C@H]1C(=O)NCCC1=CC2=C(N1)N=CC=C2C1=CN=CN=C1,ADS161557,23.5989,4.62710824,,,,,,,
CN(C)C\\C=C\\C(=O)N1CCC[C@@H](C1)C(=O)NCCC1=CC2=C(N1)N=CC=C2C1=C2C=CC=NN2N=C1,ADS161558,0.51983175,6.284137198,,,,,,,
CN1N=C(NC(=O)N[C@H]2CCCN(C2)C2=C3C=NNC3=NC=C2)C=C1C(F)(F)F,ADS161590,8.973,5.047062332,,,,,,,
CN1CCN(CC2=CC=C(NC(=O)N[C@H]3CCCN(C3)C3=C4C=NNC4=NC=C3)C=C2C(F)(F)F)CC1,ADS161591,1.1353923,5.944854055,,,,,,,
[H][C@@]1(CCN(C1)C(=O)[C@H]1CCCN1C(=O)[C@H](C)Cl)C1=CC2=C(C=CN=C2N1)C1=C2C=CC=NN2N=C1,ADS161719,0.62332285,6.205286952,,,,,,,
[H][C@]1(CCN1C(=O)C=C)C(=O)NCCC1=CC2=C(N1)N=CC=C2C1=CN=CN=C1,ADS161721,2.0595617,5.686225193,,,,,,,
[H][C@]1(CCN1C(=O)C=C)C(=O)NCCC1=CC2=C(N1)N=CC=C2C1=C(C)N(C)N=C1,ADS161722,0.90640485,6.042677779,,,,,,,
C=CC(=O)N1CCC[C@H]1C(=O)NCCC1=CC2=C(N1)N=CC=C2C1=C2C=CC=CN2N=C1,ADS161723,1.2313841,5.909606458,,,,,,,
C[C@@H]1CN(CC[C@@H]1C(=O)N1CCC(C1)C1=CC2=C(C=CN=C2N1)C1=C2C=CC=NN2N=C1)C(=O)\\C=C\\CN(C)C,ADS161774,0.51269995,6.290136725,,,,,,,
C=CC(=O)N1CCC(C1)C(=O)NCCC1=CC2=C(C=CN=C2N1)C1=C2C=CC=NN2N=C1,ADS161951,0.05998285,7.221972903,,,,,,,
C=CC(=O)N1CCC[C@H]1C(=O)OCCC1=CC2=C(C=CN=C2N1)C1=C2C=CC=NN2N=C1,ADS161952,0.12346805,6.908445411,,,,,,,
CN(C)C\\C=C\\C(=O)N1CCC[C@H]1C(=O)N(C)CCC1=CC2=C(C=CN=C2N1)C1=C2C=CC=NN2N=C1,ADS161953,8.81925,5.054568346,,,,,,,
CC(NC(=O)C=C)C(=O)NCCC1=CC2=C(C=CN=C2N1)C1=C2C=CC=NN2N=C1,ADS161954,0.124572,6.904579563,,,,,,,
FC(F)(F)C(F)(\\C=C\\C(=O)N1CCC[C@H]1C(=O)NCCC1=CC2=C(C=CN=C2N1)C1=C2C=CC=NN2N=C1)C(F)(F)F,ADS161955,0.22380295,6.650134193,,,,,,,
C=CC(=O)N1CCC[C@@H](C1)C(=O)N1CCO[C@@H](C1)C1=CC2=C(C=CN=C2N1)C1=C2C=CC=NN2N=C1,ADS161956,0.1714592,6.765839207,,,,,,,
C=CC(=O)N1CCC[C@@H](C1)C(=O)N1CCO[C@H](C1)C1=CC2=C(C=CN=C2N1)C1=C2C=CC=NN2N=C1,ADS161957,0.32992625,6.481583129,,,,,,,
CN(C)C\\C=C\\C(=O)N1CCC[C@@H](C1)C(=O)N1CC(C1)C1=CC2=C(C=CN=C2N1)C1=C2C=CC=NN2N=C1,ADS161965,0.850309,6.070423224,,,,,,,
CC(C)CC(NC(=O)C=C)C(=O)NCCC1=CC2=C(C=CN=C2N1)C1=C2C=CC=NN2N=C1,ADS162053,0.1078126,6.96733048,,,,,,,
CN1N=C(NC(=O)N[C@H]2CCCN(C2)C2=C3C=CNC3=NC=C2)C=C1C(C)(C)C,ADS162063,0.64050415,6.193478052,,,,,,,
OCCC(=O)N1CCC[C@H]1C(=O)NCCC1=CC2=C(C=CN=C2N1)C1=C2C=CC=NN2N=C1,ADS162108,1.64516285,5.783791106,,,,,,,
CN1N=C(C=C1NC(=O)N[C@H]1CCCN(C1)C1=C2C=CNC2=NC=C1)C(C)(C)C,ADS162138,1.4957626,5.82513733,,,,,,,
[H][C@@]1(CCN(C1)C(=O)[C@H]1CCCN(C1)C(=O)CC)C1=CC2=C(C=CN=C2N1)C1=C2C=CC=NN2N=C1,ADS162140,4.23E-02,7.373659633,,,,,,,
[H][C@@]1(CCN(C1)C(=O)[C@H]1CCCN(C1)C(=O)C=C)C1=CC2=C(C=CN=C2N1)C1=C2C=CC=NN2N=C1,ADS162141,0.011640025,7.934046087,,,,,,,
[H][C@@]1(CCN(C1)C(=O)[C@H]1CCCN(C1)C(=O)\\C=C\\C)C1=CC2=C(C=CN=C2N1)C1=C2C=CC=NN2N=C1,ADS162142,0.07143805,7.146070409,,,,,,,
